actual_salary,predicted_salary,experience_level
139486,169956.0,Executive
156829,183684.0,Executive
98721,85070.0,Mid
168109,136908.0,Senior
292055,192967.0,Executive
165207,130760.0,Senior
135760,117993.0,Senior
113350,112590.0,Senior
89154,69504.0,Junior
100244,57443.0,Junior
145736,150648.0,Senior
91813,83164.0,Mid
72897,61125.0,Junior
145381,125088.0,Senior
93524,67812.0,Junior
81146,113974.0,Senior
141610,122728.0,Senior
238260,192525.0,Executive
231764,186634.0,Executive
94067,85113.0,Mid
90374,110300.0,Senior
73095,65627.0,Junior
153857,133854.0,Senior
151803,100808.0,Senior
113068,120737.0,Senior
230691,206187.0,Executive
64188,55349.0,Junior
143711,134060.0,Senior
42629,50827.0,Junior
26172,74514.0,Mid
73564,96793.0,Mid
27601,82593.0,Mid
83060,70682.0,Junior
189251,202546.0,Executive
27319,78740.0,Junior
74961,66556.0,Junior
58844,52737.0,Junior
154250,135145.0,Senior
241116,178090.0,Executive
192915,223120.0,Executive
154431,219730.0,Executive
153723,161281.0,Executive
123996,165078.0,Senior
74573,84780.0,Junior
112775,144655.0,Senior
124552,92522.0,Mid
171580,136800.0,Senior
89020,90581.0,Mid
140696,120024.0,Senior
68069,73246.0,Junior
162908,116884.0,Senior
122704,143564.0,Senior
24801,68255.0,Junior
206878,189084.0,Executive
320305,252177.0,Executive
103774,133357.0,Senior
180875,221477.0,Executive
147650,139434.0,Senior
295948,155897.0,Executive
131957,123244.0,Senior
94601,85488.0,Junior
249841,167301.0,Executive
176781,185364.0,Executive
125683,120787.0,Senior
69088,54241.0,Junior
111124,66663.0,Junior
92299,92940.0,Mid
151599,107987.0,Senior
35455,102113.0,Mid
24147,79130.0,Mid
124119,88122.0,Mid
194278,157385.0,Senior
178755,137207.0,Senior
47355,121684.0,Senior
152942,221804.0,Executive
78042,97643.0,Mid
97110,69702.0,Junior
125674,145661.0,Senior
99305,72955.0,Junior
101510,74243.0,Junior
32842,92376.0,Mid
77116,63856.0,Junior
78109,87573.0,Mid
113391,93918.0,Mid
84549,79385.0,Junior
229205,244923.0,Executive
192062,152355.0,Executive
246330,185390.0,Executive
134647,182333.0,Executive
212718,195900.0,Executive
128716,154813.0,Senior
353742,207248.0,Executive
36309,112412.0,Senior
76474,199231.0,Executive
99326,110757.0,Mid
93562,91133.0,Mid
81260,75915.0,Mid
213288,175919.0,Executive
80930,81266.0,Junior
186900,133403.0,Senior
54161,66797.0,Junior
70605,59309.0,Junior
90170,103563.0,Mid
209294,180147.0,Executive
199903,227517.0,Executive
81253,85873.0,Mid
90700,61286.0,Junior
102852,80361.0,Mid
121147,146132.0,Senior
37739,81111.0,Junior
180558,168098.0,Executive
78403,89066.0,Mid
240149,222046.0,Executive
48915,62852.0,Junior
25199,68783.0,Junior
68547,55474.0,Junior
62680,71746.0,Junior
148771,158191.0,Senior
91682,85511.0,Mid
92817,81512.0,Mid
54380,64829.0,Junior
82088,67699.0,Junior
155252,206672.0,Executive
102919,126237.0,Senior
174231,158078.0,Senior
128822,109531.0,Senior
167568,182500.0,Executive
108940,102950.0,Mid
156650,158664.0,Executive
22689,53553.0,Junior
116248,124750.0,Senior
86990,100195.0,Mid
30719,82650.0,Mid
105022,121572.0,Senior
62502,75158.0,Junior
99185,126017.0,Senior
66726,61553.0,Junior
175817,114323.0,Senior
132476,151717.0,Senior
318729,199134.0,Executive
55911,75920.0,Junior
70599,94467.0,Mid
60827,50607.0,Junior
100088,91095.0,Mid
115294,124275.0,Senior
147336,135926.0,Senior
121990,99735.0,Mid
96280,82912.0,Junior
93357,78426.0,Junior
194311,264426.0,Executive
198603,150920.0,Senior
125818,113433.0,Senior
219746,210460.0,Executive
62847,81537.0,Junior
192697,141125.0,Executive
71248,84235.0,Mid
41992,98404.0,Mid
88260,63329.0,Junior
96859,97128.0,Mid
135548,201009.0,Executive
116676,113252.0,Senior
120919,82145.0,Mid
91511,67316.0,Mid
59221,81413.0,Mid
130848,107018.0,Senior
99707,76153.0,Junior
78450,83893.0,Mid
103697,78474.0,Mid
99102,111113.0,Senior
81092,67769.0,Junior
302543,255330.0,Executive
47262,64814.0,Junior
252611,207335.0,Executive
46914,54188.0,Junior
269514,152306.0,Executive
79550,160561.0,Senior
203699,132074.0,Senior
39365,112009.0,Mid
288283,218039.0,Executive
75059,81976.0,Mid
92141,78160.0,Mid
166393,139416.0,Executive
152656,104730.0,Mid
82548,58180.0,Junior
196121,166137.0,Executive
106204,120731.0,Senior
133682,112359.0,Senior
63367,59916.0,Junior
154393,156731.0,Senior
186851,195866.0,Executive
48341,105507.0,Senior
73151,86546.0,Mid
108371,80228.0,Junior
243649,152911.0,Senior
56293,56578.0,Junior
180015,179222.0,Executive
224798,190940.0,Executive
49609,64870.0,Junior
265506,237946.0,Executive
107129,111480.0,Mid
41791,129301.0,Senior
132893,185678.0,Executive
115681,143791.0,Senior
137580,131086.0,Senior
98192,103560.0,Senior
52424,54938.0,Junior
93513,70955.0,Mid
130395,145134.0,Senior
67040,58322.0,Junior
113860,86873.0,Mid
165800,182178.0,Executive
126076,144704.0,Senior
90085,100097.0,Mid
101793,99647.0,Mid
198685,184645.0,Executive
75941,78234.0,Mid
74217,83485.0,Mid
79547,79423.0,Mid
162962,136995.0,Senior
133233,129915.0,Senior
166422,156890.0,Senior
109612,124834.0,Senior
239531,220733.0,Executive
59545,142785.0,Senior
86007,85982.0,Mid
201791,169580.0,Executive
243166,196606.0,Executive
65492,86703.0,Mid
160037,112705.0,Senior
130892,144449.0,Senior
122631,107159.0,Mid
91675,85748.0,Mid
76000,69803.0,Junior
55769,67034.0,Junior
148164,124958.0,Senior
83753,68674.0,Junior
150771,156305.0,Senior
294564,208984.0,Executive
273957,210779.0,Executive
20785,48461.0,Junior
62316,92443.0,Mid
123024,99127.0,Senior
58388,55816.0,Junior
95999,120859.0,Mid
111068,84304.0,Mid
81308,79613.0,Junior
178018,184820.0,Executive
101827,98496.0,Mid
136127,130562.0,Senior
93601,93124.0,Mid
80523,111230.0,Mid
250692,212915.0,Executive
150038,121220.0,Senior
54579,56986.0,Junior
89873,83070.0,Mid
111821,114697.0,Mid
104425,111938.0,Mid
67170,77281.0,Junior
125924,160927.0,Senior
128996,152554.0,Senior
120168,103658.0,Senior
97747,97436.0,Mid
193572,191265.0,Executive
87051,82167.0,Mid
70180,55916.0,Junior
218883,159157.0,Executive
114449,100688.0,Senior
177618,166678.0,Executive
72355,73165.0,Junior
207950,167877.0,Executive
154841,97073.0,Mid
85391,78364.0,Junior
61708,58291.0,Junior
134116,141304.0,Senior
243382,195979.0,Executive
254343,202728.0,Executive
173706,165900.0,Executive
64737,93428.0,Mid
161013,188503.0,Executive
126593,84728.0,Mid
76826,64360.0,Junior
143423,137438.0,Senior
59536,36470.0,Junior
275394,207993.0,Executive
111264,138921.0,Senior
79209,70775.0,Mid
106907,98256.0,Mid
50375,119277.0,Senior
42409,86011.0,Mid
27753,56484.0,Junior
166022,126785.0,Executive
72285,65366.0,Junior
171549,223171.0,Executive
141179,114403.0,Senior
118965,99007.0,Mid
251411,206186.0,Executive
82286,81351.0,Junior
117861,182251.0,Executive
53173,69082.0,Junior
117509,101478.0,Mid
140181,119352.0,Senior
110037,104938.0,Mid
64015,80142.0,Junior
25902,65237.0,Junior
95689,89922.0,Mid
161403,215177.0,Executive
86376,111278.0,Mid
53469,57994.0,Junior
137009,143074.0,Senior
240245,241661.0,Executive
129622,166630.0,Senior
132964,92321.0,Mid
300752,199480.0,Executive
75181,107775.0,Mid
76742,65638.0,Junior
119381,108490.0,Mid
133093,170785.0,Executive
44187,81519.0,Mid
122926,113386.0,Senior
59378,64720.0,Junior
169781,126860.0,Senior
136387,114973.0,Senior
119705,109407.0,Mid
157211,167144.0,Executive
164314,130308.0,Senior
56033,71523.0,Junior
107111,112313.0,Senior
151191,111738.0,Senior
51859,52668.0,Junior
241186,176213.0,Executive
51311,60791.0,Junior
130573,187366.0,Executive
259694,216454.0,Executive
75172,81819.0,Mid
97034,65258.0,Junior
83942,81840.0,Mid
41556,85748.0,Mid
59433,68170.0,Junior
89756,64625.0,Mid
110777,94488.0,Mid
104635,128711.0,Senior
147367,120578.0,Senior
128584,108021.0,Senior
38972,93868.0,Mid
64037,62367.0,Junior
163644,145543.0,Senior
185718,182168.0,Executive
169543,157205.0,Senior
152000,110897.0,Senior
83304,88096.0,Mid
157221,144921.0,Senior
45328,56690.0,Junior
140129,187806.0,Executive
77013,87571.0,Mid
79374,121193.0,Senior
181176,176737.0,Executive
121952,121781.0,Senior
196644,157587.0,Executive
107493,64434.0,Mid
57529,78320.0,Junior
136341,99292.0,Mid
97727,85888.0,Mid
59585,69083.0,Junior
104599,67877.0,Junior
166572,131506.0,Senior
103223,80152.0,Junior
66353,74988.0,Mid
67710,61021.0,Junior
123498,156761.0,Executive
181374,206671.0,Executive
89159,69842.0,Mid
57591,61490.0,Junior
114857,126008.0,Senior
224210,178356.0,Executive
90375,55445.0,Junior
106280,86248.0,Mid
79856,94092.0,Mid
22389,57310.0,Junior
102591,107473.0,Mid
67835,73212.0,Junior
126184,83123.0,Mid
138563,113422.0,Senior
48963,143915.0,Senior
190525,193689.0,Executive
72979,59327.0,Junior
53545,69805.0,Junior
49530,49581.0,Mid
146336,109380.0,Mid
73290,65171.0,Junior
123240,113608.0,Senior
102032,92531.0,Mid
90803,71263.0,Mid
215605,208338.0,Executive
166959,182157.0,Executive
174692,183480.0,Executive
225013,139659.0,Executive
92335,85033.0,Junior
62748,83574.0,Mid
81724,71667.0,Junior
124629,186428.0,Executive
292246,237107.0,Executive
70624,86538.0,Mid
104761,68854.0,Junior
88718,66581.0,Junior
58660,72874.0,Junior
60206,44952.0,Junior
115978,115334.0,Mid
100391,169419.0,Executive
72730,78318.0,Mid
93037,93944.0,Mid
89631,73485.0,Junior
155786,125476.0,Senior
313735,190867.0,Executive
95183,75442.0,Mid
85101,63447.0,Junior
94357,104953.0,Mid
76071,81225.0,Mid
104092,103399.0,Mid
128450,120256.0,Senior
145307,104947.0,Senior
170409,129658.0,Senior
58908,63587.0,Junior
162016,179832.0,Executive
70408,66699.0,Junior
103134,61116.0,Junior
221005,156480.0,Senior
94103,231800.0,Executive
139532,102240.0,Mid
39178,56779.0,Junior
53596,185289.0,Executive
111274,88094.0,Mid
68856,92897.0,Mid
52913,115034.0,Mid
134652,185918.0,Executive
129835,172175.0,Executive
65086,70304.0,Junior
64196,52555.0,Junior
79264,89271.0,Mid
147836,159515.0,Senior
120897,91775.0,Mid
105874,123721.0,Senior
235424,199304.0,Executive
34111,88504.0,Mid
57898,65717.0,Junior
75569,86264.0,Mid
217112,227695.0,Executive
162080,159397.0,Executive
232839,194639.0,Executive
86279,69476.0,Mid
143655,131114.0,Senior
118202,92105.0,Mid
189502,184007.0,Executive
117158,108023.0,Mid
95536,176345.0,Executive
212513,243320.0,Executive
223895,191982.0,Executive
194385,185844.0,Executive
59923,66751.0,Junior
199528,175480.0,Executive
53973,54971.0,Junior
61890,72150.0,Junior
89827,70687.0,Junior
123791,117740.0,Senior
84562,88643.0,Mid
59118,132516.0,Senior
129162,115533.0,Senior
153774,165238.0,Executive
87366,81086.0,Mid
95198,108476.0,Senior
124845,157712.0,Senior
54122,39995.0,Junior
114261,102392.0,Senior
67273,90870.0,Mid
167769,115448.0,Senior
167565,121116.0,Senior
129293,93957.0,Mid
79216,71513.0,Junior
209966,207855.0,Executive
192580,123320.0,Senior
44734,99729.0,Senior
60812,88619.0,Mid
166822,182532.0,Executive
187877,144293.0,Senior
120418,99180.0,Mid
225112,178275.0,Executive
90747,104772.0,Mid
308012,241266.0,Executive
101641,73050.0,Junior
130258,124122.0,Senior
60523,61918.0,Junior
140928,97685.0,Mid
111218,107993.0,Senior
145257,150484.0,Senior
282434,172721.0,Executive
161051,216278.0,Executive
214441,219765.0,Executive
140434,210841.0,Executive
20948,62438.0,Junior
76432,192171.0,Executive
110449,84048.0,Mid
108448,111949.0,Senior
149569,146315.0,Senior
110408,108699.0,Senior
82153,62487.0,Junior
116249,133616.0,Senior
75240,104310.0,Mid
62189,68781.0,Junior
127693,188647.0,Executive
129874,176478.0,Executive
59279,64131.0,Junior
101315,111521.0,Senior
45079,99551.0,Senior
69945,84628.0,Mid
68161,72130.0,Junior
137799,129515.0,Senior
111301,113581.0,Senior
212031,165906.0,Executive
32682,113211.0,Mid
143037,183762.0,Executive
37366,72342.0,Junior
315917,199227.0,Executive
139306,141310.0,Senior
128578,160866.0,Executive
184524,199804.0,Executive
57858,60768.0,Junior
138780,163277.0,Executive
80525,91076.0,Mid
61743,62064.0,Junior
88162,85668.0,Mid
23025,75906.0,Mid
94972,127050.0,Mid
44105,146615.0,Senior
184467,214366.0,Executive
24682,61306.0,Junior
123407,125266.0,Senior
98692,106902.0,Senior
212229,161446.0,Executive
165689,160321.0,Executive
99884,94340.0,Senior
43262,63862.0,Junior
132186,120937.0,Senior
136173,208275.0,Executive
104484,68945.0,Junior
75973,71136.0,Junior
47110,56639.0,Junior
107527,87735.0,Junior
153701,229948.0,Executive
61146,87027.0,Junior
220434,166060.0,Executive
49918,68012.0,Junior
66219,54863.0,Junior
77319,83272.0,Mid
104109,239949.0,Executive
68849,56514.0,Junior
141845,118553.0,Mid
188465,183911.0,Executive
109988,122262.0,Mid
161380,189793.0,Executive
349432,228373.0,Executive
240445,211200.0,Executive
153843,209798.0,Executive
57671,72195.0,Junior
51985,50036.0,Junior
171048,143595.0,Senior
104982,80108.0,Junior
199949,180436.0,Executive
68543,61578.0,Junior
92179,125229.0,Senior
124994,128568.0,Senior
49720,212393.0,Executive
165296,202650.0,Executive
32651,101235.0,Mid
211419,193718.0,Executive
128111,159207.0,Executive
129173,109999.0,Mid
180858,253596.0,Executive
286727,196053.0,Executive
94224,104337.0,Mid
270691,192675.0,Executive
290571,220287.0,Executive
102173,101288.0,Senior
102367,94821.0,Mid
62978,57175.0,Junior
127789,107237.0,Senior
149450,191239.0,Executive
168351,136360.0,Senior
248823,174476.0,Executive
29783,95787.0,Mid
185360,222927.0,Executive
132926,111691.0,Senior
235370,161414.0,Executive
63919,56253.0,Junior
63962,70159.0,Mid
159981,141787.0,Senior
75523,83576.0,Junior
140516,104669.0,Senior
246647,150113.0,Executive
63203,55862.0,Junior
84808,78340.0,Junior
105976,119567.0,Senior
121877,111572.0,Mid
149929,154596.0,Senior
181750,140426.0,Senior
118889,111365.0,Mid
71105,76745.0,Junior
287100,171892.0,Executive
111239,64540.0,Mid
131631,132276.0,Senior
90924,83879.0,Mid
93350,117722.0,Senior
51942,62966.0,Junior
26320,87907.0,Mid
105139,94092.0,Mid
89067,79002.0,Mid
97918,72602.0,Mid
185612,250234.0,Executive
137444,138976.0,Senior
55542,54847.0,Junior
98339,102856.0,Senior
80284,96136.0,Mid
289174,221278.0,Executive
151705,146174.0,Senior
102077,78378.0,Mid
223969,189109.0,Executive
141646,148888.0,Senior
95923,70592.0,Mid
96744,114370.0,Senior
176928,174209.0,Executive
253207,235175.0,Executive
115997,96201.0,Mid
53611,66776.0,Junior
218691,182507.0,Executive
211009,211465.0,Executive
80635,93778.0,Mid
65343,62351.0,Junior
148540,142753.0,Senior
54599,106662.0,Mid
51736,58238.0,Junior
74801,80001.0,Junior
26028,100249.0,Mid
93348,121275.0,Mid
256545,216825.0,Executive
172627,120036.0,Senior
79608,72766.0,Mid
108088,118325.0,Senior
240031,197792.0,Executive
238120,257524.0,Executive
111820,135138.0,Senior
103458,223579.0,Executive
123929,100206.0,Mid
61375,64763.0,Junior
110517,127628.0,Senior
101976,89191.0,Mid
67687,68390.0,Junior
133466,127564.0,Senior
61768,84168.0,Junior
142040,212424.0,Executive
30619,78692.0,Junior
190172,214694.0,Executive
120628,164416.0,Executive
45228,107361.0,Mid
111947,112427.0,Mid
42928,86097.0,Mid
69368,77327.0,Junior
174292,162061.0,Executive
52959,63660.0,Junior
130674,94464.0,Senior
212985,219335.0,Executive
96910,84840.0,Mid
49891,50717.0,Junior
81274,107951.0,Mid
214921,180695.0,Executive
119633,122120.0,Senior
118780,88148.0,Mid
118238,131909.0,Senior
105293,212698.0,Executive
151764,127983.0,Senior
192079,252473.0,Executive
230551,208802.0,Executive
385250,246714.0,Executive
38128,81102.0,Junior
86435,74175.0,Junior
91372,79197.0,Junior
58764,62758.0,Junior
60657,160652.0,Senior
70777,215318.0,Executive
243192,175047.0,Executive
191922,174112.0,Executive
100887,88698.0,Mid
134945,127695.0,Senior
26237,85043.0,Mid
68593,77423.0,Mid
51437,69415.0,Junior
61294,62331.0,Junior
268561,236307.0,Executive
195573,219689.0,Executive
61925,62279.0,Mid
89489,125198.0,Mid
257527,257868.0,Executive
234130,215182.0,Executive
78473,106280.0,Mid
119123,98035.0,Senior
132794,127815.0,Senior
130397,118766.0,Senior
148430,181598.0,Executive
97656,75032.0,Mid
37867,91223.0,Mid
104741,93346.0,Mid
55261,62991.0,Junior
233264,183681.0,Executive
264276,205377.0,Executive
83518,95256.0,Mid
85426,68917.0,Junior
114364,83969.0,Junior
58945,74724.0,Junior
132350,125998.0,Senior
121414,121930.0,Senior
189198,211405.0,Executive
166701,158241.0,Senior
204810,202812.0,Executive
72285,56052.0,Junior
170727,167221.0,Executive
114242,123526.0,Senior
30696,65737.0,Junior
172277,124298.0,Senior
91323,91165.0,Mid
61103,55978.0,Junior
83891,87763.0,Mid
174323,201096.0,Executive
92430,84990.0,Mid
89020,72834.0,Mid
235873,160886.0,Executive
89902,198649.0,Executive
57310,85257.0,Mid
197089,181271.0,Executive
103788,66636.0,Junior
189743,164026.0,Executive
56489,56559.0,Junior
67831,53182.0,Junior
82844,61847.0,Junior
24804,65009.0,Junior
143329,179721.0,Executive
117240,97994.0,Senior
89124,110947.0,Mid
190560,221621.0,Executive
136698,137384.0,Senior
79216,103340.0,Mid
79744,95132.0,Mid
56400,65433.0,Junior
108736,122337.0,Senior
93437,88076.0,Mid
93956,190333.0,Executive
73049,60067.0,Junior
95094,99177.0,Senior
68084,75306.0,Junior
274462,186333.0,Executive
130939,119257.0,Senior
82999,77851.0,Junior
136850,186586.0,Executive
129841,190565.0,Executive
143483,132068.0,Senior
113468,100256.0,Mid
166233,195319.0,Executive
181539,145230.0,Senior
115707,94241.0,Mid
111556,186204.0,Executive
170023,168385.0,Executive
174253,186260.0,Executive
357875,229364.0,Executive
60902,71604.0,Junior
332899,241437.0,Executive
71610,84289.0,Junior
236155,216915.0,Executive
32487,99103.0,Mid
143401,188273.0,Executive
48074,51245.0,Junior
61599,58545.0,Junior
332210,180292.0,Executive
135969,124231.0,Senior
144510,120519.0,Senior
117408,97015.0,Mid
233392,215398.0,Executive
56897,68867.0,Junior
160113,158207.0,Senior
187224,122658.0,Senior
44067,197454.0,Executive
75630,79467.0,Mid
85407,83066.0,Junior
141826,135480.0,Senior
170066,189193.0,Executive
120372,112909.0,Senior
64161,55369.0,Junior
176050,168662.0,Executive
24926,59645.0,Junior
111112,102099.0,Mid
110762,117047.0,Mid
189605,117762.0,Senior
50242,38112.0,Junior
177950,101903.0,Senior
95686,82418.0,Mid
165005,234734.0,Executive
196522,181456.0,Executive
63867,86102.0,Junior
65815,81287.0,Junior
63891,60505.0,Junior
35266,92074.0,Mid
82676,88645.0,Mid
33400,60636.0,Junior
26941,74491.0,Junior
237771,240115.0,Executive
86564,77414.0,Junior
67394,68606.0,Junior
81106,55909.0,Junior
66536,64184.0,Junior
60265,66889.0,Junior
65610,57876.0,Junior
109543,100994.0,Mid
74184,79155.0,Mid
385410,241722.0,Executive
49315,54108.0,Junior
63741,76940.0,Junior
140704,122800.0,Senior
226889,174996.0,Executive
81525,74832.0,Junior
66974,80025.0,Mid
257447,168677.0,Executive
112099,130233.0,Senior
143496,176525.0,Executive
151644,167268.0,Executive
250954,216562.0,Executive
206792,227527.0,Executive
124933,108012.0,Senior
270223,211927.0,Executive
32228,58020.0,Junior
125964,181588.0,Executive
90408,93229.0,Junior
118354,115429.0,Mid
93563,74915.0,Mid
74558,54277.0,Junior
309181,214959.0,Executive
65331,59881.0,Junior
76735,104012.0,Senior
88077,79895.0,Junior
52076,76315.0,Junior
53494,62663.0,Junior
94395,90322.0,Mid
117224,110640.0,Senior
41420,140408.0,Senior
72126,62649.0,Junior
102503,96357.0,Mid
76419,68329.0,Junior
95477,84232.0,Mid
70709,66246.0,Junior
61916,87528.0,Mid
58752,74767.0,Junior
199015,177342.0,Executive
72716,79378.0,Junior
122457,191580.0,Executive
84353,75328.0,Mid
160966,129801.0,Senior
81590,88939.0,Mid
67815,77404.0,Junior
58331,130431.0,Senior
157935,128638.0,Senior
193193,250720.0,Executive
97096,107712.0,Mid
89052,80727.0,Mid
138655,140995.0,Senior
207251,171847.0,Executive
165702,282956.0,Executive
143701,126248.0,Senior
119182,132353.0,Senior
64464,77063.0,Junior
87984,80863.0,Mid
85062,82066.0,Junior
75880,62887.0,Junior
59864,57994.0,Junior
80678,165562.0,Executive
61019,70808.0,Junior
101321,72598.0,Mid
334067,216340.0,Executive
47259,194958.0,Executive
49440,52894.0,Junior
59806,56009.0,Junior
45668,56682.0,Junior
80831,77202.0,Junior
42791,98081.0,Mid
70408,83625.0,Junior
252601,222702.0,Executive
133440,120370.0,Senior
55729,62903.0,Junior
141077,135417.0,Senior
129545,78255.0,Junior
160222,245606.0,Executive
157447,128031.0,Senior
32595,92480.0,Mid
147509,144874.0,Senior
99845,102189.0,Mid
64771,163717.0,Executive
156742,144372.0,Senior
128941,163104.0,Senior
75693,62604.0,Junior
73693,188304.0,Executive
113070,83448.0,Mid
246778,201278.0,Executive
79266,70409.0,Junior
109147,114211.0,Senior
102899,114212.0,Mid
238019,180639.0,Executive
105416,64713.0,Junior
158734,121033.0,Executive
46075,175875.0,Executive
115386,120894.0,Senior
271778,251497.0,Executive
137592,121164.0,Senior
54185,64170.0,Junior
303831,187766.0,Executive
220073,227756.0,Executive
156011,115920.0,Senior
94779,101239.0,Senior
129262,127302.0,Senior
97294,132995.0,Senior
49385,52694.0,Junior
145157,163794.0,Senior
211073,183253.0,Executive
188053,179061.0,Executive
40715,76745.0,Junior
77141,83513.0,Mid
63620,89442.0,Junior
104439,70399.0,Junior
49858,49213.0,Junior
251600,183208.0,Executive
92187,110799.0,Senior
107663,96065.0,Mid
79751,103686.0,Mid
151336,140222.0,Senior
42437,138414.0,Senior
150816,199791.0,Executive
66004,156353.0,Senior
127421,202712.0,Executive
78835,83056.0,Junior
169583,166291.0,Executive
62042,69442.0,Junior
75273,82604.0,Mid
87641,102131.0,Mid
169575,113376.0,Senior
76244,61165.0,Junior
191974,223895.0,Executive
46762,58840.0,Junior
203419,144910.0,Executive
259567,182676.0,Executive
85683,97269.0,Mid
166176,242777.0,Executive
145879,97881.0,Senior
89527,116137.0,Mid
84617,108184.0,Mid
78762,86444.0,Mid
295717,228870.0,Executive
82707,91528.0,Mid
115293,91271.0,Mid
51067,79909.0,Mid
167790,128477.0,Senior
93900,110221.0,Mid
153066,133322.0,Senior
129562,133515.0,Senior
160729,107340.0,Mid
179394,181023.0,Executive
237969,228106.0,Executive
133162,120808.0,Senior
87000,75611.0,Junior
388535,249786.0,Executive
117496,168912.0,Executive
57257,56948.0,Junior
85568,105511.0,Mid
150034,181437.0,Executive
105471,90957.0,Mid
33763,68634.0,Junior
64441,53296.0,Junior
76693,65404.0,Junior
97775,100295.0,Mid
125238,103217.0,Senior
249223,214884.0,Executive
53872,57807.0,Junior
108897,91072.0,Mid
171574,174910.0,Executive
96402,103504.0,Mid
81103,70886.0,Junior
74489,205863.0,Executive
123845,115880.0,Senior
154884,107528.0,Mid
77664,68196.0,Junior
154216,144380.0,Senior
70882,55402.0,Junior
69741,64827.0,Junior
113774,95403.0,Mid
151816,110331.0,Senior
164834,107265.0,Senior
38444,136850.0,Senior
167415,115654.0,Senior
141812,111461.0,Senior
50627,68148.0,Junior
113402,201853.0,Executive
154178,190945.0,Executive
99370,168354.0,Executive
46653,61245.0,Junior
321456,239181.0,Executive
122245,109469.0,Senior
80715,69882.0,Junior
105151,113724.0,Senior
60562,77840.0,Junior
68868,52658.0,Junior
105339,69796.0,Junior
32809,67740.0,Junior
167922,116434.0,Senior
183692,193602.0,Executive
137316,120405.0,Senior
100014,110885.0,Senior
118261,113229.0,Senior
112570,101371.0,Senior
23733,86636.0,Mid
111397,116352.0,Senior
119116,107483.0,Senior
55414,70247.0,Junior
306082,225047.0,Executive
243320,222635.0,Executive
138075,145533.0,Senior
152241,137383.0,Senior
217318,187154.0,Executive
207719,146931.0,Executive
246512,167151.0,Executive
71504,96172.0,Mid
92131,104814.0,Mid
39100,96440.0,Mid
80406,54258.0,Junior
75623,78653.0,Mid
51383,64565.0,Junior
241392,209560.0,Executive
126029,120372.0,Senior
86886,90474.0,Mid
86235,81266.0,Junior
122554,98125.0,Mid
123894,118289.0,Senior
92261,81503.0,Mid
142898,155201.0,Executive
80574,67344.0,Junior
183526,208975.0,Executive
90585,120660.0,Senior
206350,172256.0,Executive
87101,55478.0,Junior
141469,186515.0,Executive
56221,68611.0,Mid
124712,119276.0,Senior
81249,90151.0,Mid
139290,119580.0,Senior
63922,62342.0,Junior
108438,95175.0,Mid
84799,68191.0,Junior
33431,48778.0,Junior
52016,55964.0,Junior
85862,68566.0,Junior
152024,205913.0,Executive
119875,94800.0,Mid
97979,146242.0,Senior
75401,76533.0,Mid
284790,176554.0,Executive
128478,154206.0,Senior
83602,83368.0,Mid
112669,93440.0,Mid
98906,108404.0,Mid
80194,88277.0,Mid
209614,182653.0,Executive
59067,76669.0,Junior
54572,68252.0,Junior
94648,83640.0,Mid
60880,64635.0,Junior
55499,146831.0,Senior
70161,85080.0,Junior
81776,84390.0,Mid
99693,112582.0,Senior
90458,114660.0,Mid
68811,59145.0,Junior
26739,80836.0,Mid
124557,100553.0,Senior
134490,123302.0,Senior
123821,129769.0,Senior
95193,116606.0,Senior
194187,190730.0,Executive
119526,128843.0,Senior
174805,194772.0,Executive
74923,99600.0,Mid
192002,169913.0,Executive
101252,81170.0,Mid
200496,183720.0,Executive
147186,105608.0,Senior
88847,108978.0,Senior
93720,94128.0,Mid
95750,107815.0,Senior
76644,80731.0,Mid
72350,74689.0,Junior
158682,144911.0,Senior
54758,68768.0,Junior
98004,58152.0,Junior
66866,194264.0,Executive
219494,220004.0,Executive
92624,87904.0,Mid
81244,89629.0,Mid
125807,163226.0,Senior
112243,74836.0,Mid
91165,190634.0,Executive
112165,146840.0,Senior
119141,111766.0,Senior
161310,161576.0,Executive
142460,119033.0,Senior
70434,70830.0,Junior
89880,107219.0,Mid
112036,94084.0,Mid
129560,109018.0,Senior
39802,136802.0,Senior
72603,53945.0,Junior
205243,183920.0,Executive
51090,79464.0,Junior
233172,196711.0,Executive
200782,187462.0,Executive
120570,170023.0,Executive
152694,159046.0,Executive
264027,161790.0,Executive
171421,141098.0,Executive
73343,73716.0,Junior
168620,213869.0,Executive
80029,61222.0,Junior
163866,83419.0,Mid
121587,125254.0,Senior
151896,206003.0,Executive
205317,136555.0,Senior
181623,143271.0,Senior
89214,118223.0,Senior
210553,222288.0,Executive
101740,105378.0,Mid
91181,73885.0,Mid
146495,189756.0,Executive
28595,83276.0,Junior
101946,97930.0,Senior
85336,99485.0,Mid
64560,61943.0,Junior
135857,146298.0,Senior
91093,72203.0,Junior
72393,62850.0,Junior
180946,203455.0,Executive
119240,116899.0,Mid
57116,65210.0,Junior
104890,120266.0,Mid
128267,120318.0,Senior
139969,121299.0,Senior
129361,117515.0,Senior
157137,141502.0,Senior
245492,195606.0,Executive
62098,200221.0,Executive
186187,197798.0,Executive
215309,170631.0,Executive
320350,209339.0,Executive
77795,77803.0,Junior
71693,68919.0,Junior
90934,84354.0,Mid
120965,96489.0,Mid
30653,84837.0,Mid
174420,132637.0,Executive
94634,89406.0,Mid
211020,189912.0,Executive
76932,63812.0,Junior
186827,150602.0,Executive
131972,91611.0,Mid
94729,90916.0,Mid
194962,176495.0,Executive
155807,180962.0,Executive
37291,115588.0,Mid
78527,256034.0,Executive
225786,249542.0,Executive
62288,55593.0,Junior
112292,99595.0,Mid
106379,171677.0,Executive
138815,130300.0,Senior
134102,110413.0,Senior
52290,64435.0,Junior
106103,95068.0,Senior
18474,73480.0,Junior
149562,233705.0,Executive
47657,113669.0,Mid
65569,60450.0,Junior
68382,63612.0,Junior
249798,228100.0,Executive
118424,112905.0,Mid
116205,122595.0,Senior
93238,86240.0,Junior
145681,152154.0,Senior
47789,52949.0,Junior
232230,223514.0,Executive
28266,70240.0,Mid
62647,79507.0,Junior
103634,105992.0,Mid
204455,163114.0,Executive
142471,116189.0,Senior
92445,76338.0,Mid
87600,78261.0,Junior
59744,61555.0,Junior
92448,90494.0,Mid
119295,89958.0,Mid
67737,61736.0,Junior
125861,144521.0,Senior
117805,117751.0,Senior
76074,67707.0,Junior
115602,70415.0,Mid
94530,83580.0,Mid
76676,109294.0,Senior
239858,142949.0,Senior
32241,79363.0,Junior
244222,185854.0,Executive
235397,209367.0,Executive
85529,81866.0,Mid
161377,128404.0,Senior
69805,76410.0,Mid
78579,72631.0,Junior
248988,227772.0,Executive
225610,204784.0,Executive
77847,76005.0,Junior
115785,143239.0,Mid
298282,209773.0,Executive
141613,121814.0,Senior
42345,86723.0,Mid
245876,181204.0,Executive
150604,120473.0,Mid
102319,85870.0,Mid
51431,96258.0,Mid
104604,102070.0,Senior
73406,103574.0,Mid
252682,192142.0,Executive
192829,178412.0,Executive
163581,141616.0,Senior
70927,61107.0,Junior
189283,136068.0,Senior
82962,81267.0,Mid
77309,86671.0,Mid
154172,136095.0,Senior
125902,171368.0,Executive
63352,59686.0,Junior
67505,88382.0,Mid
126739,101353.0,Senior
99493,81890.0,Mid
122843,115653.0,Senior
86713,84363.0,Mid
50885,191566.0,Executive
87100,84914.0,Mid
119460,197102.0,Executive
98327,57740.0,Junior
104377,84816.0,Mid
105502,217395.0,Executive
72394,85855.0,Mid
173041,169911.0,Executive
139699,206742.0,Executive
132931,108584.0,Senior
181065,144386.0,Executive
185184,125755.0,Senior
200686,196618.0,Executive
155034,165880.0,Senior
188799,190078.0,Executive
167422,125649.0,Senior
60357,73722.0,Junior
103506,150177.0,Senior
138187,129781.0,Senior
179047,186836.0,Executive
102570,83654.0,Mid
88198,78424.0,Mid
140967,178582.0,Executive
212599,196753.0,Executive
70698,52092.0,Junior
323208,235000.0,Executive
75236,75002.0,Mid
132740,150884.0,Senior
63582,51711.0,Junior
69776,70391.0,Mid
150527,129401.0,Senior
116954,206635.0,Executive
63976,43907.0,Junior
111471,88380.0,Senior
81892,82839.0,Mid
127779,135359.0,Senior
78736,84531.0,Junior
161267,115627.0,Senior
97911,111220.0,Senior
211340,164874.0,Executive
161032,109823.0,Senior
307747,204937.0,Executive
108071,113133.0,Mid
228266,210509.0,Executive
103477,107786.0,Senior
88134,74906.0,Junior
80405,64010.0,Junior
283410,192786.0,Executive
131751,103040.0,Mid
162111,134797.0,Senior
80194,74173.0,Junior
275028,219909.0,Executive
86650,89686.0,Mid
217171,162206.0,Executive
138619,139893.0,Senior
27602,74047.0,Junior
147265,186801.0,Executive
94103,71946.0,Mid
85459,199964.0,Executive
23579,77739.0,Junior
161399,260298.0,Executive
329543,223203.0,Executive
127090,116056.0,Senior
123195,148419.0,Senior
38341,77418.0,Mid
109133,122938.0,Senior
83302,60890.0,Junior
83812,87708.0,Mid
143556,179442.0,Executive
76358,52834.0,Junior
88191,72767.0,Mid
176540,151170.0,Executive
80879,85799.0,Mid
180469,180083.0,Executive
160293,124623.0,Senior
123567,127588.0,Senior
42239,103832.0,Mid
78263,63929.0,Junior
193061,164878.0,Senior
78895,78752.0,Junior
270264,167020.0,Executive
88565,94981.0,Mid
137228,115647.0,Senior
149385,246256.0,Executive
120060,118725.0,Senior
82027,68222.0,Junior
33654,76316.0,Junior
135041,115530.0,Senior
43728,55599.0,Junior
89807,56480.0,Junior
154970,113534.0,Senior
83184,122271.0,Mid
32232,92537.0,Mid
49130,52555.0,Junior
241137,145609.0,Senior
90893,72881.0,Mid
139984,98488.0,Mid
92326,79123.0,Junior
88659,105937.0,Mid
200872,225464.0,Executive
66805,63784.0,Junior
158462,133023.0,Senior
82720,71920.0,Mid
76073,80611.0,Mid
63767,50608.0,Junior
161001,175228.0,Executive
295447,228653.0,Executive
63606,75566.0,Mid
74494,79110.0,Mid
71203,50216.0,Junior
126145,143313.0,Senior
85335,82774.0,Mid
105016,91211.0,Mid
75140,70194.0,Junior
114413,109025.0,Mid
70756,91775.0,Mid
100171,133982.0,Senior
78323,75973.0,Mid
82530,98829.0,Mid
206350,209348.0,Executive
102248,91301.0,Mid
110169,107246.0,Senior
114505,94903.0,Senior
149913,124623.0,Senior
120743,134632.0,Senior
169884,270689.0,Executive
64943,49871.0,Junior
210360,217273.0,Executive
50608,70573.0,Junior
206051,252091.0,Executive
70463,81871.0,Mid
92771,74753.0,Junior
57678,78450.0,Junior
205169,171819.0,Executive
141646,124453.0,Senior
96427,171742.0,Executive
74202,74394.0,Junior
77217,62422.0,Mid
102825,102141.0,Mid
116990,133611.0,Senior
123879,106749.0,Senior
60881,57234.0,Junior
59622,145477.0,Senior
248923,176263.0,Executive
243016,168235.0,Executive
68170,72853.0,Junior
118307,124343.0,Senior
65583,80121.0,Mid
35777,93882.0,Junior
140621,167681.0,Senior
35947,81563.0,Mid
185999,195511.0,Executive
142965,123744.0,Senior
104482,110675.0,Mid
74112,61759.0,Junior
73299,189011.0,Executive
88695,66610.0,Junior
231457,188089.0,Executive
70871,82959.0,Mid
164649,203626.0,Executive
131432,118155.0,Senior
46374,46002.0,Junior
62190,70356.0,Junior
185311,159816.0,Executive
159226,114651.0,Mid
180133,216582.0,Executive
237727,196731.0,Executive
68676,101390.0,Mid
72824,80828.0,Mid
158028,163757.0,Executive
134704,111054.0,Senior
118703,103777.0,Senior
81946,86969.0,Junior
32244,72261.0,Junior
142958,141429.0,Senior
185781,132713.0,Senior
151032,106996.0,Senior
40276,100092.0,Senior
188802,236835.0,Executive
98597,93409.0,Mid
68905,55449.0,Junior
64631,75087.0,Junior
210838,193247.0,Executive
83576,114241.0,Senior
173410,161978.0,Senior
92702,85834.0,Mid
17450,66746.0,Junior
69684,83149.0,Mid
80058,71223.0,Junior
130066,81422.0,Mid
76070,63294.0,Junior
65525,65995.0,Junior
61453,70408.0,Junior
64547,83602.0,Mid
278819,200448.0,Executive
49705,70074.0,Junior
204758,204553.0,Executive
117447,112866.0,Senior
129514,181187.0,Executive
120313,136527.0,Senior
96349,92793.0,Mid
108322,113620.0,Senior
118359,121124.0,Senior
110601,82517.0,Mid
121764,122713.0,Senior
75898,74241.0,Junior
62843,83679.0,Mid
163282,165970.0,Executive
75062,58109.0,Junior
112591,134680.0,Senior
222268,260641.0,Executive
89985,75466.0,Mid
64209,67390.0,Junior
118358,85847.0,Mid
123396,125014.0,Senior
80668,124518.0,Mid
225578,177387.0,Executive
133522,121770.0,Senior
55380,43499.0,Junior
114736,119149.0,Senior
62439,52232.0,Junior
124643,158571.0,Senior
80312,86397.0,Mid
147376,211079.0,Executive
56110,64080.0,Junior
288695,217587.0,Executive
125746,119231.0,Senior
86607,102761.0,Senior
167702,172208.0,Executive
95848,85913.0,Mid
68349,54230.0,Junior
52393,38685.0,Junior
110614,156033.0,Senior
77719,66271.0,Junior
60193,71116.0,Junior
139622,143630.0,Senior
132314,91332.0,Mid
28315,89890.0,Mid
80462,45814.0,Junior
47190,55884.0,Junior
52732,59157.0,Junior
59768,160787.0,Executive
131267,131962.0,Senior
70183,180263.0,Executive
123099,71730.0,Mid
169031,156165.0,Senior
152868,170547.0,Executive
155389,148454.0,Senior
186844,215352.0,Executive
201716,105265.0,Senior
158417,162308.0,Executive
95730,104975.0,Senior
168047,222146.0,Executive
61632,98352.0,Mid
85520,119356.0,Mid
118931,136017.0,Senior
80403,66638.0,Mid
148344,213050.0,Executive
311228,237633.0,Executive
210902,145589.0,Executive
296894,248379.0,Executive
79062,64990.0,Junior
164581,181309.0,Executive
49538,56228.0,Junior
161728,190597.0,Executive
62287,238469.0,Executive
111065,42892.0,Junior
112322,127495.0,Senior
158669,179469.0,Executive
102309,248968.0,Executive
117303,218120.0,Executive
212608,176384.0,Executive
60314,70016.0,Junior
77016,57016.0,Junior
166384,188148.0,Executive
87092,91660.0,Junior
146850,147285.0,Senior
128363,152530.0,Senior
60372,67005.0,Junior
113179,79648.0,Junior
69613,82013.0,Junior
84399,92941.0,Mid
181037,250803.0,Executive
60141,117399.0,Senior
261993,253553.0,Executive
52113,128764.0,Senior
212359,168501.0,Executive
149113,140915.0,Senior
129225,109776.0,Senior
91835,236533.0,Executive
112677,112312.0,Senior
207708,230025.0,Executive
85135,97313.0,Mid
64708,53926.0,Junior
205497,209385.0,Executive
32487,91257.0,Mid
263994,198451.0,Executive
134807,197840.0,Executive
80479,73945.0,Mid
226755,225999.0,Executive
46440,55751.0,Junior
289667,230710.0,Executive
155127,88008.0,Mid
113678,118617.0,Senior
65851,62862.0,Junior
112939,95143.0,Senior
53070,95451.0,Junior
144648,160871.0,Senior
74225,95831.0,Mid
71629,77631.0,Junior
88090,83662.0,Mid
187897,192597.0,Executive
31201,96514.0,Mid
145212,111024.0,Mid
151511,157808.0,Senior
63881,68310.0,Junior
175103,209567.0,Executive
71826,74416.0,Junior
164191,136364.0,Senior
149033,213450.0,Executive
129265,114812.0,Senior
73505,82622.0,Junior
68168,80020.0,Mid
101086,104384.0,Mid
24496,53850.0,Junior
76731,83330.0,Junior
51880,52300.0,Junior
37660,62950.0,Junior
77885,97560.0,Mid
233794,225152.0,Executive
154306,123976.0,Senior
88018,111558.0,Mid
136930,85431.0,Mid
72009,79904.0,Mid
68533,56054.0,Junior
132993,125538.0,Senior
162306,164564.0,Senior
261631,240841.0,Executive
35047,101039.0,Mid
100701,244608.0,Executive
159957,130687.0,Senior
98006,106925.0,Senior
24465,65560.0,Junior
73935,63196.0,Mid
219644,165858.0,Senior
100524,98492.0,Senior
129728,119081.0,Senior
74905,66125.0,Junior
83952,92165.0,Mid
85296,82087.0,Mid
126827,184010.0,Executive
149279,185362.0,Executive
100787,116953.0,Mid
146547,185454.0,Executive
136685,133957.0,Senior
202038,166538.0,Executive
86606,83975.0,Mid
266720,183051.0,Executive
223904,193945.0,Executive
173215,200727.0,Executive
106203,100890.0,Senior
89220,72839.0,Junior
146680,140342.0,Senior
69316,57777.0,Junior
91448,85813.0,Junior
54703,66401.0,Junior
198048,255549.0,Executive
83432,65494.0,Mid
256314,130979.0,Executive
74980,76638.0,Mid
134609,130710.0,Senior
113460,116026.0,Senior
114370,82515.0,Mid
110217,102260.0,Senior
51274,87267.0,Junior
123361,123868.0,Senior
158637,149337.0,Senior
60031,67300.0,Junior
189083,210239.0,Executive
113917,112639.0,Senior
213850,160857.0,Executive
56884,55105.0,Junior
102693,104256.0,Senior
239650,188710.0,Executive
126205,130292.0,Senior
96117,103974.0,Mid
191877,250798.0,Executive
142826,121437.0,Senior
72201,79136.0,Mid
191484,178201.0,Executive
105311,118018.0,Senior
125114,176586.0,Executive
70399,82458.0,Junior
159419,200225.0,Executive
146442,136013.0,Senior
69137,83629.0,Junior
32133,90641.0,Mid
93440,68833.0,Junior
75225,80969.0,Junior
196504,135893.0,Senior
98544,102283.0,Mid
190431,190000.0,Executive
57275,129889.0,Senior
20533,56894.0,Junior
213578,178030.0,Executive
205581,176092.0,Executive
57153,60250.0,Junior
277090,167553.0,Executive
107119,95968.0,Mid
61337,80723.0,Junior
110481,115429.0,Senior
117390,119869.0,Senior
149046,111419.0,Senior
161259,175575.0,Executive
52312,56812.0,Junior
124442,132751.0,Senior
100481,102934.0,Mid
86228,91893.0,Mid
48088,66654.0,Junior
178561,217080.0,Executive
99895,90444.0,Mid
60582,59942.0,Junior
117836,133909.0,Senior
198466,125140.0,Senior
267784,203120.0,Executive
149551,125014.0,Senior
180262,179779.0,Executive
255237,201220.0,Executive
102748,196465.0,Executive
116266,128323.0,Senior
79212,70834.0,Junior
81358,82577.0,Mid
109778,107540.0,Mid
86082,83604.0,Mid
115102,144233.0,Senior
109229,80517.0,Mid
76117,92382.0,Junior
151756,126512.0,Senior
128624,95966.0,Mid
87003,84278.0,Junior
120164,80512.0,Junior
161126,187655.0,Executive
65860,74041.0,Junior
52748,55186.0,Junior
79356,76045.0,Mid
97471,97063.0,Mid
51380,129406.0,Senior
67798,76734.0,Junior
214274,203890.0,Executive
153995,116122.0,Senior
123853,144630.0,Senior
44890,97226.0,Mid
159534,93886.0,Senior
65661,71098.0,Junior
118101,112882.0,Senior
91626,62329.0,Mid
61645,75142.0,Junior
273048,195544.0,Executive
132875,112833.0,Mid
64672,66869.0,Junior
99061,98704.0,Mid
77655,71501.0,Junior
97380,119741.0,Mid
76715,79554.0,Junior
23989,63392.0,Junior
91715,100152.0,Senior
163774,197005.0,Executive
53496,58755.0,Junior
72415,72170.0,Junior
202807,192341.0,Executive
78105,79219.0,Mid
34598,94605.0,Mid
145427,134449.0,Senior
232335,221276.0,Executive
195309,134878.0,Executive
60957,83890.0,Junior
114616,90827.0,Mid
82355,67858.0,Mid
98976,80486.0,Mid
98348,63386.0,Junior
118438,127251.0,Senior
195265,199418.0,Executive
196045,232208.0,Executive
90858,103311.0,Mid
26249,68903.0,Junior
57164,75006.0,Junior
39452,52171.0,Junior
102443,84861.0,Junior
156100,106518.0,Senior
171750,148685.0,Senior
94718,119998.0,Senior
87958,69432.0,Mid
172640,122050.0,Senior
142450,166681.0,Executive
109859,110786.0,Mid
87585,78324.0,Junior
99198,62954.0,Junior
135059,108207.0,Senior
52465,78103.0,Junior
63794,48790.0,Junior
239432,210450.0,Executive
139963,81526.0,Senior
141579,203585.0,Executive
20520,57035.0,Junior
123489,86813.0,Mid
250788,118238.0,Executive
39042,120151.0,Senior
108031,141272.0,Senior
54617,60478.0,Junior
55150,162055.0,Senior
109357,94747.0,Mid
86245,74834.0,Junior
116686,95529.0,Mid
117195,82942.0,Mid
105290,115624.0,Senior
114870,125380.0,Senior
44438,57521.0,Junior
78038,99159.0,Mid
183034,176792.0,Executive
294594,225947.0,Executive
113910,95867.0,Senior
90738,97458.0,Mid
75529,78738.0,Junior
52180,57725.0,Junior
97170,65367.0,Mid
210158,177328.0,Executive
116529,108015.0,Mid
69261,76024.0,Mid
142757,104554.0,Senior
96840,56666.0,Junior
163916,229194.0,Executive
74588,87355.0,Mid
120176,130212.0,Senior
106555,97418.0,Senior
124064,102098.0,Senior
82698,84070.0,Mid
129697,99182.0,Senior
78762,79204.0,Mid
106154,127961.0,Senior
104543,101179.0,Senior
75968,74504.0,Mid
92990,67952.0,Junior
130226,158845.0,Senior
80675,82508.0,Mid
72863,88102.0,Mid
56307,66033.0,Junior
82903,85136.0,Mid
67529,67660.0,Junior
168343,151236.0,Senior
58637,38842.0,Junior
264173,201346.0,Executive
96944,90893.0,Mid
194601,168158.0,Executive
185728,90679.0,Senior
48739,63125.0,Junior
130522,97710.0,Mid
127115,143107.0,Senior
107231,117218.0,Senior
98191,78096.0,Mid
197325,153232.0,Executive
102309,115210.0,Senior
224546,187524.0,Executive
106178,87852.0,Mid
126742,85324.0,Mid
63211,69470.0,Junior
91897,82098.0,Mid
82660,77624.0,Junior
61446,61419.0,Junior
55419,63452.0,Junior
138645,151536.0,Senior
136353,94837.0,Mid
102918,84332.0,Junior
108739,70460.0,Junior
86425,91212.0,Mid
52986,65849.0,Junior
103246,147572.0,Senior
133871,110556.0,Senior
78995,78038.0,Mid
50482,52558.0,Junior
218123,191674.0,Executive
158900,109624.0,Senior
93783,74318.0,Junior
116370,102260.0,Mid
36448,77361.0,Junior
116877,106112.0,Mid
119668,121538.0,Senior
148235,146982.0,Senior
114905,104555.0,Mid
112869,195829.0,Executive
114618,116167.0,Senior
29224,57268.0,Junior
70157,55417.0,Junior
43363,89032.0,Mid
90524,93018.0,Mid
148216,150545.0,Executive
67532,64413.0,Junior
267272,233994.0,Executive
300778,184417.0,Executive
89485,77896.0,Junior
153548,88699.0,Mid
269789,160032.0,Executive
156737,109398.0,Mid
104899,85576.0,Mid
70858,75495.0,Mid
89996,99758.0,Mid
199418,131294.0,Senior
142793,89733.0,Mid
135137,237672.0,Executive
52055,104996.0,Senior
71418,111353.0,Mid
163354,211912.0,Executive
145395,214561.0,Executive
135010,90549.0,Mid
251892,237251.0,Executive
18309,62595.0,Junior
111355,79473.0,Mid
84616,66107.0,Mid
43362,61679.0,Junior
89534,78410.0,Mid
43785,58660.0,Junior
117365,106550.0,Senior
171397,195537.0,Executive
83827,190152.0,Executive
51178,63025.0,Junior
210459,183272.0,Executive
85536,81729.0,Junior
87674,81132.0,Mid
113864,117311.0,Senior
93530,207411.0,Executive
121719,111301.0,Mid
250363,209112.0,Executive
205401,174604.0,Executive
43322,68619.0,Mid
33869,66902.0,Junior
76141,82924.0,Mid
127696,147887.0,Senior
102239,82658.0,Mid
116235,109211.0,Senior
175601,103906.0,Senior
64457,149422.0,Senior
117307,82791.0,Mid
81660,70130.0,Junior
289418,199228.0,Executive
64006,68377.0,Mid
50319,58730.0,Junior
126789,113569.0,Senior
79663,91155.0,Mid
86361,88991.0,Mid
119672,80831.0,Junior
121706,132950.0,Senior
65329,64190.0,Junior
69580,76837.0,Mid
84762,90107.0,Mid
67004,58108.0,Junior
131219,108289.0,Senior
46582,83983.0,Mid
77362,95897.0,Mid
82237,87502.0,Mid
71156,67490.0,Junior
157466,126857.0,Senior
108805,133815.0,Senior
78318,94920.0,Mid
197354,182943.0,Executive
66373,44468.0,Junior
63052,108255.0,Senior
54196,50361.0,Junior
77084,80701.0,Junior
181922,148060.0,Senior
34807,80040.0,Junior
104358,98729.0,Senior
182265,214636.0,Executive
157835,173859.0,Executive
131818,166299.0,Senior
61954,65693.0,Junior
92399,68918.0,Junior
230990,209550.0,Executive
225083,163249.0,Executive
89964,91147.0,Mid
127577,116225.0,Senior
210662,195727.0,Executive
94158,85035.0,Mid
106241,135905.0,Senior
19152,59789.0,Junior
41945,82791.0,Mid
94478,103568.0,Senior
109810,120432.0,Senior
110728,89477.0,Mid
137246,89745.0,Mid
120081,100890.0,Mid
53828,50367.0,Junior
90739,78589.0,Mid
143421,129456.0,Senior
266422,193704.0,Executive
26471,78460.0,Mid
76584,96157.0,Mid
109773,87947.0,Mid
84373,99261.0,Mid
62996,63263.0,Junior
63567,71782.0,Junior
64511,89376.0,Mid
112307,85220.0,Mid
63760,84656.0,Junior
158799,164642.0,Senior
186865,182713.0,Executive
231007,235051.0,Executive
77121,70564.0,Junior
111326,115400.0,Senior
79945,81284.0,Mid
129149,98990.0,Senior
175333,139350.0,Senior
39478,45625.0,Junior
78533,59633.0,Junior
203713,194858.0,Executive
148534,122265.0,Senior
90863,85246.0,Mid
37177,92407.0,Mid
85050,80518.0,Junior
66898,80205.0,Mid
265222,181926.0,Executive
303218,220699.0,Executive
52674,52653.0,Junior
101075,85399.0,Mid
167891,251588.0,Executive
257587,168552.0,Executive
221626,214305.0,Executive
146522,133182.0,Senior
227796,174935.0,Executive
73362,81627.0,Mid
101913,97220.0,Mid
58994,73390.0,Junior
87630,95767.0,Mid
65569,64837.0,Junior
68144,79285.0,Junior
133682,117372.0,Mid
31507,81186.0,Junior
216153,234946.0,Executive
165234,197130.0,Executive
117256,84737.0,Mid
54144,135282.0,Senior
65086,57391.0,Junior
75201,63629.0,Junior
139444,148795.0,Senior
65229,59335.0,Junior
115473,133161.0,Senior
111381,124740.0,Senior
146659,134756.0,Senior
71777,82678.0,Junior
109715,104042.0,Mid
55929,110224.0,Mid
63644,53683.0,Junior
69964,81894.0,Mid
115712,109164.0,Mid
37153,65267.0,Mid
96863,97506.0,Mid
94136,115650.0,Mid
131283,132549.0,Senior
63017,66251.0,Junior
270523,170023.0,Executive
67912,59657.0,Junior
140525,131695.0,Senior
200654,202348.0,Executive
102146,66754.0,Junior
68334,83914.0,Junior
74595,82478.0,Junior
83352,83317.0,Mid
135052,95406.0,Mid
64544,61732.0,Junior
113873,137079.0,Senior
155137,129322.0,Senior
69151,65579.0,Junior
83714,59151.0,Junior
139017,157650.0,Senior
70543,58957.0,Junior
104881,119940.0,Senior
90355,103011.0,Mid
118221,102498.0,Mid
101958,114734.0,Mid
86841,94781.0,Mid
211822,210317.0,Executive
167862,224171.0,Executive
192495,171386.0,Executive
85603,81855.0,Mid
74221,76570.0,Mid
147090,144970.0,Senior
143048,123309.0,Senior
72341,215499.0,Executive
143444,166763.0,Executive
137340,131941.0,Senior
88166,88026.0,Mid
207576,227605.0,Executive
161100,126943.0,Senior
26293,66678.0,Junior
51043,65593.0,Junior
121462,124826.0,Senior
56427,64174.0,Junior
122595,106928.0,Mid
82862,73985.0,Mid
86504,95104.0,Mid
100152,104484.0,Mid
77210,75990.0,Junior
75499,66753.0,Junior
156773,146578.0,Senior
99147,84110.0,Mid
73832,62929.0,Junior
349094,219046.0,Executive
69580,82571.0,Mid
73001,86281.0,Junior
44243,101783.0,Mid
64976,66228.0,Junior
153047,108381.0,Mid
139624,137391.0,Senior
222006,247481.0,Executive
34193,88583.0,Mid
63355,60011.0,Junior
115664,114802.0,Senior
59249,70206.0,Junior
128076,184375.0,Executive
67937,124854.0,Senior
49147,53559.0,Junior
145475,147537.0,Senior
75976,212507.0,Executive
143144,120923.0,Senior
84059,79695.0,Mid
140767,123700.0,Senior
164409,140992.0,Senior
260456,216037.0,Executive
167315,149815.0,Senior
169228,193813.0,Executive
101293,74296.0,Mid
79858,79588.0,Mid
198651,198105.0,Executive
40030,104319.0,Senior
22293,78136.0,Junior
33564,100080.0,Mid
208955,225716.0,Executive
211425,148625.0,Senior
291451,159392.0,Executive
66211,71731.0,Junior
246647,228660.0,Executive
263161,209937.0,Executive
196214,179187.0,Executive
132254,115266.0,Senior
84786,91796.0,Mid
222239,203065.0,Executive
107059,85131.0,Mid
60372,67872.0,Junior
239862,212116.0,Executive
173914,140017.0,Senior
69980,165643.0,Executive
78313,93201.0,Mid
123190,172989.0,Executive
119619,119242.0,Senior
22321,45491.0,Junior
107694,84594.0,Mid
46804,108258.0,Senior
249590,205893.0,Executive
125111,119483.0,Senior
83629,90776.0,Mid
118721,65984.0,Junior
96892,94073.0,Junior
72736,77681.0,Mid
123617,113567.0,Senior
81429,96221.0,Mid
124008,130135.0,Senior
82096,64119.0,Junior
81389,108706.0,Mid
218274,188750.0,Executive
131344,137409.0,Senior
265945,230104.0,Executive
69250,67270.0,Junior
131432,117513.0,Senior
178163,230724.0,Executive
253256,210253.0,Executive
90760,109236.0,Mid
171228,154373.0,Senior
23467,58294.0,Junior
142445,192782.0,Executive
103950,134781.0,Senior
255771,150940.0,Executive
59907,80452.0,Junior
241681,184092.0,Executive
34860,109335.0,Senior
142238,147202.0,Senior
199034,163479.0,Executive
39992,72538.0,Junior
166087,205519.0,Executive
296026,270735.0,Executive
141684,160622.0,Senior
109358,130473.0,Senior
216215,222679.0,Executive
93613,275638.0,Executive
187950,174401.0,Executive
43587,140947.0,Senior
250916,204438.0,Executive
71388,63279.0,Junior
193990,230874.0,Executive
112217,90101.0,Senior
98422,85970.0,Mid
130250,141153.0,Mid
142525,224003.0,Executive
30114,82410.0,Junior
150671,159298.0,Senior
255076,217186.0,Executive
72964,66722.0,Junior
72036,82438.0,Mid
90624,115347.0,Senior
68384,80108.0,Mid
205223,170910.0,Executive
133643,165207.0,Senior
91997,88698.0,Mid
77377,94623.0,Mid
156992,142834.0,Senior
66570,71750.0,Junior
88045,127729.0,Senior
75589,92338.0,Mid
83502,89956.0,Mid
87092,104808.0,Mid
211550,196824.0,Executive
110654,94049.0,Mid
84341,111487.0,Mid
129513,134509.0,Senior
88775,83702.0,Mid
134610,122058.0,Senior
159400,181862.0,Executive
70576,78943.0,Mid
120635,101020.0,Mid
69197,63599.0,Junior
78751,169164.0,Executive
219603,196429.0,Executive
210751,178123.0,Executive
154681,167864.0,Senior
66662,80550.0,Junior
97601,80106.0,Mid
106010,63430.0,Mid
121725,126146.0,Senior
86536,86387.0,Mid
64782,69434.0,Junior
115988,123179.0,Senior
104409,86411.0,Mid
148519,206589.0,Executive
115364,130221.0,Senior
227301,153140.0,Executive
183033,217515.0,Executive
39868,79486.0,Mid
269552,252299.0,Executive
56370,75194.0,Junior
218131,168346.0,Executive
202067,206025.0,Executive
181300,221695.0,Executive
58198,111882.0,Mid
125096,87709.0,Mid
86678,68787.0,Mid
49914,70377.0,Junior
148519,202177.0,Executive
86772,76738.0,Mid
111752,127227.0,Mid
117576,155927.0,Senior
84880,79469.0,Mid
106920,93407.0,Mid
68441,83051.0,Mid
187329,209445.0,Executive
100906,93157.0,Mid
53874,61009.0,Junior
140756,120903.0,Executive
66978,56940.0,Junior
124861,77464.0,Mid
83336,73688.0,Mid
39202,103601.0,Mid
159445,106514.0,Senior
103856,87541.0,Mid
29207,59042.0,Junior
104436,73614.0,Junior
45928,111103.0,Senior
27068,101710.0,Mid
95395,95071.0,Mid
211620,122364.0,Senior
62821,68295.0,Mid
141683,118981.0,Senior
76340,76111.0,Junior
145255,151879.0,Executive
120997,128942.0,Senior
153715,148165.0,Senior
125558,234746.0,Executive
106766,89192.0,Mid
65083,70492.0,Junior
103653,109528.0,Mid
271475,195869.0,Executive
77848,77462.0,Junior
120333,199005.0,Executive
112994,130502.0,Senior
176009,139751.0,Senior
117600,79651.0,Mid
198337,214297.0,Executive
90694,127588.0,Senior
136359,109763.0,Senior
178524,131940.0,Senior
78328,71554.0,Junior
101122,88072.0,Mid
117343,87540.0,Mid
122129,109589.0,Senior
113713,119566.0,Senior
100307,102328.0,Senior
60541,87030.0,Mid
214035,181929.0,Executive
132280,150434.0,Senior
111169,123348.0,Senior
37606,79853.0,Junior
79479,138414.0,Senior
283428,156024.0,Executive
191169,205023.0,Executive
78327,80797.0,Mid
132554,127282.0,Senior
66736,75042.0,Mid
212764,148249.0,Senior
151758,107207.0,Mid
82912,104311.0,Mid
69118,67114.0,Junior
67908,134600.0,Senior
164904,118450.0,Senior
183653,213334.0,Executive
116702,135644.0,Senior
140672,113908.0,Senior
160456,182724.0,Executive
222589,193405.0,Executive
100005,88074.0,Mid
153253,196247.0,Executive
101753,90884.0,Senior
207687,187000.0,Executive
325087,223681.0,Executive
82711,71084.0,Junior
131921,133534.0,Senior
232735,180275.0,Executive
197908,189579.0,Executive
75392,79006.0,Junior
63698,76143.0,Junior
117883,109595.0,Mid
119157,144244.0,Senior
86565,93481.0,Mid
192004,239832.0,Executive
71330,71882.0,Junior
79437,60360.0,Junior
22186,83677.0,Junior
216271,181157.0,Executive
95343,97448.0,Mid
100999,96132.0,Mid
96725,57426.0,Junior
53437,64310.0,Junior
115606,129702.0,Senior
116355,114219.0,Senior
101192,62406.0,Junior
65251,85768.0,Junior
85528,102226.0,Mid
243682,182245.0,Executive
64605,54210.0,Junior
116286,131385.0,Senior
100497,84946.0,Mid
238598,221657.0,Executive
241976,229445.0,Executive
35534,85142.0,Mid
85161,91229.0,Mid
140615,164582.0,Senior
69016,91766.0,Mid
67262,48398.0,Junior
71833,85970.0,Mid
184018,234006.0,Executive
91754,65093.0,Mid
276679,175914.0,Executive
133001,96038.0,Mid
51768,58559.0,Junior
46451,63202.0,Junior
67976,71529.0,Junior
255205,203133.0,Executive
99028,101520.0,Senior
147687,153951.0,Senior
205349,183610.0,Executive
102384,122458.0,Senior
77206,92137.0,Mid
169303,166284.0,Executive
51851,61551.0,Junior
119985,111387.0,Senior
68999,63677.0,Junior
132221,105811.0,Mid
85390,68546.0,Junior
65592,76580.0,Mid
121255,117114.0,Mid
235868,263741.0,Executive
64501,67747.0,Junior
62596,80019.0,Junior
75818,87942.0,Mid
76651,79089.0,Mid
203843,147419.0,Senior
24322,60130.0,Junior
287164,236795.0,Executive
121685,124940.0,Senior
96701,108277.0,Mid
68721,80129.0,Mid
306002,214310.0,Executive
99890,94452.0,Mid
67394,81514.0,Junior
191897,227383.0,Executive
182121,195657.0,Executive
92478,71535.0,Junior
125484,155378.0,Senior
103244,116993.0,Senior
96894,111614.0,Mid
190082,132131.0,Senior
23158,57961.0,Junior
164714,140735.0,Senior
145709,160889.0,Executive
243378,235332.0,Executive
136939,121979.0,Senior
166556,155454.0,Senior
101851,85946.0,Mid
152384,80553.0,Mid
104461,117298.0,Senior
104978,85668.0,Mid
27320,76571.0,Junior
109839,102053.0,Mid
181014,190775.0,Executive
129800,146071.0,Senior
258931,182241.0,Executive
65197,82397.0,Mid
208144,171577.0,Executive
71668,87460.0,Mid
69234,65601.0,Junior
211756,198038.0,Executive
79587,71312.0,Mid
145099,139781.0,Senior
75216,91320.0,Mid
148813,188260.0,Executive
124750,123550.0,Senior
71427,69225.0,Junior
128617,134462.0,Senior
53256,43608.0,Junior
289309,160307.0,Executive
139325,129371.0,Senior
122080,128220.0,Senior
82829,85371.0,Mid
114387,87418.0,Mid
88040,94512.0,Mid
95754,86580.0,Mid
72576,180209.0,Executive
190969,191396.0,Executive
312518,227962.0,Executive
251015,232523.0,Executive
78618,69667.0,Junior
82118,87681.0,Junior
107506,79650.0,Mid
154995,139692.0,Senior
133645,144602.0,Executive
125853,150421.0,Senior
144216,120224.0,Senior
111868,244528.0,Executive
240627,203721.0,Executive
49188,201142.0,Executive
49579,82161.0,Junior
48325,71720.0,Junior
224881,138880.0,Senior
58278,54921.0,Junior
104271,140571.0,Senior
95591,65022.0,Junior
293805,222433.0,Executive
212416,225560.0,Executive
37406,103931.0,Mid
192776,199770.0,Executive
94499,115112.0,Mid
61670,61602.0,Junior
179005,142662.0,Executive
65035,58900.0,Junior
219263,175229.0,Executive
300635,217699.0,Executive
156352,198058.0,Executive
235335,173625.0,Executive
55419,118041.0,Senior
70324,68369.0,Junior
100495,277586.0,Executive
104136,168525.0,Executive
126854,119455.0,Senior
109965,78940.0,Junior
112216,109561.0,Mid
96169,101595.0,Mid
123589,103139.0,Mid
75780,67867.0,Junior
78936,86420.0,Mid
134233,119515.0,Mid
47299,53495.0,Junior
137360,185968.0,Executive
49451,166691.0,Senior
90830,101617.0,Mid
84037,174257.0,Executive
265991,240524.0,Executive
88557,69931.0,Mid
90510,83718.0,Mid
43045,61070.0,Junior
34236,88065.0,Mid
46031,51934.0,Junior
80800,68445.0,Junior
104581,83994.0,Mid
62938,65058.0,Junior
43936,120578.0,Senior
92434,67806.0,Junior
123617,138288.0,Executive
194639,227238.0,Executive
87123,109253.0,Mid
63814,71218.0,Junior
133658,149515.0,Senior
217485,227045.0,Executive
105933,78911.0,Junior
138149,164931.0,Executive
140809,172303.0,Executive
239391,144016.0,Executive
105421,105564.0,Mid
250059,170216.0,Executive
66947,67769.0,Junior
135809,104386.0,Senior
92548,71557.0,Junior
119183,169237.0,Senior
109945,127479.0,Senior
129700,169567.0,Executive
28009,69765.0,Junior
120902,137412.0,Senior
223388,198774.0,Executive
37458,85653.0,Mid
139571,102613.0,Mid
166397,169942.0,Senior
79846,88865.0,Mid
137077,110806.0,Senior
99498,101136.0,Senior
222968,205082.0,Executive
239199,194274.0,Executive
39197,77322.0,Junior
84770,177472.0,Executive
114730,117213.0,Senior
158889,167796.0,Senior
90091,123677.0,Senior
183643,210892.0,Executive
130691,154840.0,Senior
81894,88427.0,Mid
129008,93021.0,Mid
254016,197935.0,Executive
88996,123136.0,Mid
49297,75287.0,Junior
145606,172541.0,Executive
170126,123956.0,Senior
157720,247949.0,Executive
73489,65980.0,Junior
70580,62661.0,Junior
88010,98009.0,Mid
199854,184649.0,Executive
89970,112556.0,Senior
111403,140025.0,Senior
88219,81492.0,Mid
66295,82063.0,Junior
77428,69535.0,Mid
153212,224890.0,Executive
113953,92392.0,Mid
131244,139889.0,Senior
34594,72207.0,Junior
43996,75568.0,Mid
156675,171306.0,Executive
118890,113926.0,Senior
150880,163431.0,Senior
120964,117568.0,Senior
53889,133304.0,Senior
35301,88531.0,Mid
156283,141250.0,Senior
50199,67884.0,Junior
65850,62919.0,Junior
124533,112941.0,Senior
201256,152181.0,Executive
113496,86058.0,Senior
75393,84075.0,Mid
86185,85578.0,Mid
116683,106057.0,Senior
138581,118284.0,Senior
64188,66182.0,Junior
85390,69010.0,Junior
306666,206525.0,Executive
117099,117562.0,Senior
31054,79850.0,Mid
165398,168496.0,Executive
229106,181843.0,Executive
60120,56711.0,Junior
173027,150869.0,Senior
186753,178191.0,Executive
71392,58760.0,Junior
106076,112143.0,Senior
90741,85594.0,Mid
53458,64765.0,Junior
94499,118859.0,Senior
222335,148349.0,Senior
123862,109004.0,Senior
72075,74137.0,Junior
98356,73957.0,Mid
124350,135834.0,Senior
273652,226851.0,Executive
146551,174855.0,Executive
63249,77504.0,Mid
132545,87031.0,Mid
92188,118043.0,Senior
99029,92014.0,Mid
68734,75386.0,Junior
81338,87269.0,Junior
131234,144058.0,Senior
147154,107434.0,Mid
49068,56880.0,Junior
91154,78932.0,Junior
61219,59946.0,Junior
48318,80103.0,Junior
222207,234678.0,Executive
98433,90452.0,Mid
103681,252679.0,Executive
283236,195912.0,Executive
113947,130310.0,Senior
87993,139734.0,Senior
84233,80226.0,Junior
141976,147658.0,Senior
110170,81930.0,Mid
165811,201108.0,Executive
116921,141102.0,Senior
83652,91596.0,Mid
103843,94886.0,Mid
362104,199263.0,Executive
210162,224737.0,Executive
18392,53799.0,Junior
114161,98891.0,Mid
93564,82249.0,Mid
80593,112218.0,Mid
135601,138925.0,Senior
123932,96651.0,Mid
108508,93716.0,Mid
166881,106720.0,Senior
150163,128637.0,Senior
81572,104156.0,Mid
125314,100872.0,Mid
104797,122501.0,Senior
57839,61708.0,Junior
192792,240989.0,Executive
235127,161331.0,Executive
153418,206180.0,Executive
99753,78467.0,Mid
124514,71126.0,Mid
78404,79712.0,Mid
76767,69518.0,Junior
194729,194403.0,Executive
78463,70868.0,Mid
122284,110238.0,Senior
121421,136260.0,Senior
141697,121954.0,Senior
175415,115209.0,Senior
66906,51808.0,Junior
304859,181104.0,Executive
97531,79668.0,Mid
102609,104677.0,Mid
94037,92574.0,Mid
338395,223113.0,Executive
90690,92556.0,Mid
104749,117437.0,Senior
87428,64708.0,Junior
56324,64243.0,Junior
94533,80345.0,Mid
55016,61769.0,Junior
142980,153188.0,Executive
88720,82439.0,Mid
130504,66714.0,Junior
198047,184242.0,Executive
64573,86033.0,Junior
195324,231919.0,Executive
102567,79243.0,Mid
134920,137804.0,Senior
134951,150375.0,Senior
148890,135254.0,Senior
64207,54768.0,Junior
109950,100065.0,Mid
176661,145415.0,Senior
254054,177665.0,Executive
151316,183902.0,Executive
99401,81291.0,Mid
128526,160606.0,Senior
95741,80366.0,Mid
164789,162114.0,Executive
109391,112805.0,Senior
78460,72437.0,Mid
104139,124006.0,Senior
150751,91745.0,Mid
82065,85622.0,Junior
181438,151883.0,Executive
120489,159974.0,Senior
106152,113987.0,Mid
121634,135415.0,Senior
84254,65089.0,Mid
83912,65132.0,Junior
71917,74128.0,Junior
52063,67020.0,Junior
64219,60918.0,Junior
308132,207172.0,Executive
99431,117545.0,Senior
140480,132020.0,Senior
144385,94334.0,Senior
93493,83446.0,Mid
67421,54440.0,Junior
276306,214380.0,Executive
84278,82406.0,Junior
161634,141253.0,Senior
87192,85820.0,Mid
82657,66132.0,Junior
116327,114226.0,Senior
52126,120035.0,Senior
201006,181170.0,Executive
68293,70486.0,Junior
153990,188832.0,Executive
269130,215053.0,Executive
232932,220620.0,Executive
99555,86619.0,Mid
102567,102375.0,Mid
340350,250260.0,Executive
71781,86739.0,Mid
145761,155791.0,Senior
111124,226752.0,Executive
94118,87209.0,Mid
50599,51522.0,Junior
97690,115091.0,Senior
169364,155613.0,Senior
145615,108995.0,Senior
141137,149970.0,Senior
87194,77713.0,Mid
144317,206744.0,Executive
167785,181791.0,Executive
62909,76892.0,Junior
128688,100159.0,Mid
84482,50493.0,Junior
286005,195985.0,Executive
183873,193080.0,Executive
156607,197599.0,Executive
47313,55170.0,Junior
75324,56186.0,Junior
172285,164720.0,Executive
147705,118368.0,Senior
67488,64729.0,Junior
247655,159516.0,Executive
251940,222940.0,Executive
161084,133750.0,Senior
90440,96600.0,Mid
59000,77820.0,Junior
187401,189268.0,Executive
161626,144983.0,Senior
267720,193197.0,Executive
92186,82153.0,Mid
218604,241415.0,Executive
60195,59322.0,Junior
242702,189598.0,Executive
100793,109196.0,Mid
95351,114430.0,Senior
252203,220557.0,Executive
92162,58685.0,Junior
164876,127526.0,Senior
73717,73148.0,Junior
124785,124845.0,Senior
161043,137816.0,Senior
80987,87945.0,Mid
85378,74949.0,Junior
291772,204678.0,Executive
55564,63728.0,Junior
76863,58282.0,Junior
70175,86224.0,Junior
218206,232489.0,Executive
164093,148079.0,Senior
71582,86422.0,Mid
66258,49858.0,Junior
123788,121272.0,Mid
145874,168081.0,Executive
154829,198392.0,Executive
104134,134167.0,Senior
91758,73335.0,Junior
81942,77428.0,Mid
354384,223981.0,Executive
73386,84780.0,Junior
83872,94729.0,Mid
108490,87348.0,Mid
116909,89359.0,Mid
68820,89330.0,Mid
119389,132989.0,Senior
76963,171776.0,Executive
165582,133375.0,Senior
46960,59227.0,Junior
106190,90355.0,Mid
123862,98423.0,Senior
63371,74936.0,Junior
125641,122626.0,Senior
69409,80330.0,Junior
114775,154648.0,Senior
113165,116953.0,Senior
171903,141055.0,Executive
131402,182448.0,Executive
190595,166675.0,Executive
183478,123837.0,Senior
115188,84516.0,Mid
88116,62111.0,Junior
85037,276374.0,Executive
172992,150554.0,Senior
150170,191965.0,Executive
349865,194542.0,Executive
72337,57623.0,Junior
46438,62984.0,Junior
58771,148750.0,Senior
212784,198914.0,Executive
67458,56136.0,Junior
87357,106411.0,Mid
77712,77851.0,Junior
85906,80722.0,Junior
75850,78295.0,Mid
215282,210728.0,Executive
91093,96553.0,Mid
86134,77962.0,Mid
85502,84611.0,Junior
88359,40682.0,Junior
142427,113617.0,Senior
67863,60739.0,Junior
172275,175668.0,Executive
34474,88448.0,Mid
64920,59035.0,Junior
54111,69723.0,Junior
160534,121921.0,Senior
154305,180487.0,Executive
103951,94447.0,Mid
59769,67867.0,Junior
32356,60042.0,Junior
55058,54263.0,Junior
85916,90688.0,Mid
199854,202507.0,Executive
48610,55730.0,Junior
49582,58486.0,Junior
109705,79577.0,Mid
80773,90655.0,Mid
62844,61062.0,Junior
101126,131885.0,Senior
138420,219714.0,Executive
109524,93008.0,Mid
90443,98011.0,Mid
167576,138500.0,Senior
58926,86600.0,Mid
168120,160844.0,Executive
86614,106162.0,Mid
38645,120482.0,Senior
196013,194952.0,Executive
223437,198058.0,Executive
211110,173330.0,Executive
189125,217569.0,Executive
105348,84416.0,Junior
92668,77489.0,Mid
95484,96203.0,Mid
246523,206984.0,Executive
102263,87353.0,Mid
60447,71752.0,Junior
83359,54502.0,Junior
155786,125940.0,Senior
50163,61144.0,Junior
162855,162359.0,Senior
83529,63269.0,Mid
72988,80849.0,Junior
86720,58664.0,Junior
45523,115399.0,Mid
135675,121587.0,Senior
50395,59071.0,Junior
257356,225014.0,Executive
144693,107083.0,Senior
59373,78679.0,Junior
137750,192597.0,Executive
54739,57034.0,Junior
53772,56633.0,Junior
98458,104653.0,Senior
72001,83538.0,Mid
75754,57772.0,Junior
111513,85823.0,Mid
212371,227535.0,Executive
110310,110026.0,Mid
122917,186552.0,Executive
204204,154436.0,Senior
106426,113285.0,Senior
85240,92235.0,Mid
188891,137593.0,Senior
141439,157332.0,Senior
221861,210008.0,Executive
59751,68539.0,Junior
152349,172337.0,Executive
60503,72508.0,Junior
53595,62693.0,Junior
71023,63181.0,Junior
72571,60062.0,Junior
97894,211155.0,Executive
104878,109090.0,Senior
174876,137003.0,Senior
145577,185468.0,Executive
150883,151727.0,Senior
240915,219623.0,Executive
153799,187217.0,Executive
117462,132963.0,Senior
67397,59198.0,Mid
70806,137850.0,Senior
97649,92965.0,Mid
100617,94520.0,Mid
110916,97026.0,Senior
200050,114700.0,Senior
77392,60484.0,Junior
189843,164427.0,Executive
155691,156338.0,Senior
95354,81902.0,Mid
170957,140241.0,Senior
93012,74619.0,Mid
132179,159173.0,Senior
112672,92152.0,Mid
145967,127732.0,Executive
82666,75158.0,Junior
83531,78571.0,Junior
137089,150545.0,Executive
144481,159656.0,Executive
199896,165105.0,Executive
79816,60278.0,Junior
201139,131988.0,Senior
103463,117272.0,Senior
18616,60707.0,Junior
103196,125572.0,Senior
70934,60882.0,Junior
92670,115610.0,Senior
111598,95659.0,Mid
176978,184989.0,Executive
115527,77168.0,Mid
27196,69239.0,Junior
75029,81273.0,Mid
74780,62288.0,Junior
128887,198245.0,Executive
57686,65018.0,Junior
135732,120212.0,Senior
182487,170903.0,Executive
74097,90121.0,Mid
116116,143230.0,Senior
163345,158410.0,Executive
31495,73556.0,Junior
90342,85383.0,Junior
257714,170213.0,Executive
187126,192694.0,Executive
124710,72178.0,Mid
55230,61885.0,Junior
125125,104894.0,Mid
97569,62678.0,Junior
75877,61458.0,Junior
133972,200354.0,Executive
197246,153957.0,Executive
135214,108143.0,Senior
106557,55439.0,Mid
79994,204403.0,Executive
303234,200937.0,Executive
73814,99914.0,Mid
209986,164080.0,Executive
96455,81024.0,Mid
196292,191137.0,Executive
65799,70260.0,Junior
265558,232733.0,Executive
97537,119888.0,Senior
77392,72831.0,Mid
212757,180792.0,Executive
93978,125231.0,Mid
150163,142096.0,Senior
77684,68376.0,Mid
77360,76917.0,Junior
77385,70614.0,Mid
102808,75123.0,Mid
124876,164371.0,Executive
65431,56099.0,Junior
45335,45171.0,Junior
178114,121135.0,Senior
247685,126037.0,Executive
224641,251469.0,Executive
195880,184887.0,Executive
167250,149215.0,Senior
85412,98000.0,Mid
127811,139680.0,Senior
156099,106569.0,Senior
120933,87349.0,Mid
223811,241117.0,Executive
157426,181538.0,Executive
191150,196170.0,Executive
69187,61189.0,Junior
27366,86995.0,Mid
80735,78824.0,Mid
89181,58419.0,Junior
64365,53245.0,Junior
209496,168870.0,Executive
158518,144830.0,Senior
174720,225689.0,Executive
145769,105568.0,Senior
269385,160999.0,Executive
135249,169520.0,Executive
244976,213360.0,Executive
281331,199153.0,Executive
103407,228310.0,Executive
86400,64543.0,Junior
234620,181624.0,Executive
78666,84505.0,Mid
125783,81844.0,Mid
46392,64447.0,Junior
69931,80269.0,Mid
80967,80842.0,Junior
181523,165339.0,Executive
62548,60842.0,Junior
133785,92706.0,Mid
111373,103046.0,Senior
249477,176997.0,Executive
238500,176171.0,Executive
114235,103664.0,Mid
183499,132024.0,Senior
96731,79501.0,Junior
144621,156029.0,Executive
153139,128459.0,Senior
70901,65879.0,Junior
204480,191559.0,Executive
63658,70623.0,Junior
171496,180318.0,Executive
135669,86366.0,Mid
277302,246374.0,Executive
116882,108270.0,Mid
79956,96714.0,Mid
168477,119200.0,Senior
86259,91470.0,Mid
77869,80772.0,Mid
32078,76552.0,Junior
38669,102247.0,Senior
118389,118719.0,Senior
53834,132165.0,Senior
99073,114181.0,Senior
135831,105506.0,Senior
139637,151165.0,Senior
162213,179360.0,Executive
90753,87601.0,Mid
70146,63824.0,Junior
88454,117819.0,Senior
146983,137840.0,Senior
106928,87598.0,Mid
124375,119093.0,Mid
266424,223328.0,Executive
56948,55791.0,Junior
302161,195456.0,Executive
289465,192146.0,Executive
132746,144864.0,Senior
157109,138922.0,Senior
148307,90398.0,Mid
105787,135418.0,Senior
127281,130980.0,Senior
122924,108377.0,Mid
209060,191181.0,Executive
92446,181671.0,Executive
